Date,actual,gru_pred,residual
2023-01-11,42232.69921875,41859.9296875,372.76953125
2023-01-12,42082.25,42042.234375,40.015625
2023-01-13,42371.25,41919.625,451.625
2023-01-16,42167.55078125,42193.08203125,-25.53125
2023-01-17,42235.05078125,42011.64453125,223.40625
2023-01-18,42458.0,42061.671875,396.328125
2023-01-19,42328.8515625,42283.6484375,45.203125
2023-01-20,42506.80078125,42167.48828125,339.3125
2023-01-23,42821.25,42327.79296875,493.45703125
2023-01-24,42733.44921875,42641.37109375,92.078125
2023-01-25,41647.6484375,42564.93359375,-917.28515625
2023-01-27,40345.30078125,41498.5234375,-1153.22265625
2023-01-30,40387.44921875,40190.7265625,196.72265625
2023-01-31,40655.05078125,40202.46875,452.58203125
2023-02-01,40513.0,40512.56640625,0.43359375
2023-02-02,40669.30078125,40406.1640625,263.13671875
2023-02-03,41499.69921875,40549.2421875,950.45703125
2023-02-06,41374.6484375,41362.8671875,11.78125
2023-02-07,41490.94921875,41275.76171875,215.1875
2023-02-08,41537.6484375,41357.80078125,179.84765625
2023-02-09,41554.30078125,41401.32421875,152.9765625
2023-02-10,41559.3984375,41414.3203125,145.078125
2023-02-13,41282.19921875,41416.57421875,-134.375
2023-02-14,41648.3515625,41146.81640625,501.53515625
2023-02-15,41731.05078125,41488.23046875,242.8203125
2023-02-16,41631.3515625,41592.04296875,39.30859375
2023-02-17,41131.75,41491.9375,-360.1875
2023-02-20,40701.69921875,40998.5,-296.80078125
2023-02-21,40673.6015625,40561.2421875,112.359375
2023-02-22,39995.8984375,40529.21484375,-533.31640625
2023-02-23,40001.55078125,39891.734375,109.81640625
2023-02-24,39909.3984375,39873.62109375,35.77734375
2023-02-27,40307.1015625,39806.640625,500.4609375
2023-02-28,40269.05078125,40195.390625,73.66015625
2023-03-01,40698.1484375,40182.5859375,515.5625
2023-03-02,40389.80078125,40586.49609375,-196.6953125
2023-03-03,41251.3515625,40305.19140625,946.16015625
2023-03-06,41350.3984375,41111.40625,238.9921875
2023-03-08,41577.1015625,41249.17578125,327.92578125
2023-03-09,41256.75,41450.5546875,-193.8046875
2023-03-10,40485.44921875,41138.03515625,-652.5859375
2023-03-13,39564.69921875,40367.55078125,-802.8515625
2023-03-14,39411.3984375,39448.69921875,-37.30078125
2023-03-15,39051.5,39281.5234375,-230.0234375
2023-03-16,39132.6015625,38963.046875,169.5546875
2023-03-17,39598.1015625,39042.578125,555.5234375
2023-03-20,39361.94921875,39512.15625,-150.20703125
2023-03-21,39894.69921875,39311.00390625,583.6953125
2023-03-22,39999.05078125,39802.12890625,196.921875
2023-03-23,39616.8984375,39929.3671875,-312.46875
2023-03-24,39395.3515625,39551.8046875,-156.453125
2023-03-27,39431.30078125,39311.05078125,120.25
2023-03-28,39567.8984375,39342.5390625,225.359375
2023-03-29,39910.1484375,39485.71875,424.4296875
2023-03-31,40608.6484375,39825.328125,783.3203125
2023-04-03,40813.05078125,40513.34765625,299.703125
2023-04-05,40999.1484375,40732.13671875,267.01171875
2023-04-06,41041.0,40897.18359375,143.81640625
2023-04-10,40834.6484375,40930.41796875,-95.76953125
2023-04-11,41366.5,40721.82421875,644.67578125
2023-04-12,41557.94921875,41221.76171875,336.1875
2023-04-13,42132.55078125,41434.73828125,697.8125
2023-04-17,42262.55078125,41986.6328125,275.91796875
2023-04-18,42265.19921875,42126.296875,138.90234375
2023-04-19,42154.0,42113.91796875,40.08203125
2023-04-20,42269.5,41994.3671875,275.1328125
2023-04-21,42118.0,42097.25390625,20.74609375
2023-04-24,42635.75,41957.10546875,678.64453125
2023-04-25,42678.5,42450.18359375,228.31640625
2023-04-26,42829.8984375,42516.8125,313.0859375
2023-04-27,43000.8515625,42652.09765625,348.75390625
2023-04-28,43233.8984375,42817.47265625,416.42578125
2023-05-02,43352.1015625,43044.1796875,307.921875
2023-05-03,43312.69921875,43161.07421875,151.625
2023-05-04,43685.44921875,43118.06640625,567.3828125
2023-05-05,42661.19921875,43471.51953125,-810.3203125
2023-05-08,43284.0,42491.2734375,792.7265625
2023-05-09,43198.1484375,43042.0,156.1484375
2023-05-10,43331.05078125,43009.33203125,321.71875
2023-05-11,43475.30078125,43127.49609375,347.8046875
2023-05-12,43793.55078125,43271.58203125,521.96875
2023-05-15,44072.1015625,43582.73046875,489.37109375
2023-05-16,43903.69921875,43860.57421875,43.125
2023-05-17,43698.69921875,43696.484375,2.21484375
2023-05-18,43752.30078125,43478.0078125,274.29296875
2023-05-19,43969.3984375,43522.04296875,447.35546875
2023-05-22,43885.1015625,43741.61328125,143.48828125
2023-05-23,43954.44921875,43669.2734375,285.17578125
2023-05-24,43677.8515625,43727.1875,-49.3359375
2023-05-25,43681.3984375,43461.15625,220.2421875
2023-05-26,44018.0,43451.6640625,566.3359375
2023-05-29,44311.8984375,43786.2890625,525.609375
2023-05-30,44436.3515625,44088.46875,347.8828125
2023-05-31,44128.1484375,44212.25,-84.1015625
2023-06-01,43790.19921875,43905.203125,-115.00390625
2023-06-02,43937.8515625,43556.36328125,381.48828125
2023-06-05,44101.6484375,43692.390625,409.2578125
2023-06-06,44164.55078125,43869.984375,294.56640625
2023-06-07,44275.30078125,43938.1171875,337.18359375
2023-06-08,43995.25,44043.38671875,-48.13671875
2023-06-09,43989.0,43771.6953125,217.3046875
2023-06-12,43944.19921875,43749.9375,194.26171875
2023-06-13,44079.8515625,43712.53515625,367.31640625
2023-06-14,43988.0,43845.5234375,142.4765625
2023-06-15,43443.6015625,43763.828125,-320.2265625
2023-06-16,43938.1484375,43228.17578125,709.97265625
2023-06-19,43633.75,43688.1640625,-54.4140625
2023-06-20,43766.5,43428.62890625,337.87109375
2023-06-21,43859.19921875,43537.59765625,321.6015625
2023-06-22,43724.8515625,43638.19140625,86.66015625
2023-06-23,43622.8984375,43509.94921875,112.94921875
2023-06-26,43641.05078125,43401.9921875,239.05859375
2023-06-27,44121.5,43418.07421875,703.42578125
2023-06-28,44327.80078125,43890.0390625,437.76171875
2023-06-30,44747.3515625,44110.83203125,636.51953125
2023-07-03,45158.1015625,44513.625,644.4765625
2023-07-04,45301.44921875,44918.421875,383.02734375
2023-07-05,45151.80078125,45057.265625,94.53515625
2023-07-06,45339.8984375,44898.58984375,441.30859375
2023-07-07,44925.0,45065.24609375,-140.24609375
2023-07-10,44860.8515625,44668.7421875,192.109375
2023-07-11,44745.05078125,44585.41015625,159.640625
2023-07-12,44639.44921875,44480.29296875,159.15625
2023-07-13,44665.05078125,44379.08203125,285.96875
2023-07-14,44819.30078125,44405.3671875,413.93359375
2023-07-17,45449.75,44561.65234375,888.09765625
2023-07-18,45410.8515625,45183.07421875,227.77734375
2023-07-19,45669.30078125,45164.62890625,504.671875
2023-07-20,46186.8984375,45394.96875,791.9296875
2023-07-21,46075.19921875,45902.890625,172.30859375
2023-07-24,45923.05078125,45802.98828125,120.0625
2023-07-25,45845.0,45631.52734375,213.47265625
2023-07-26,46062.3515625,45546.02734375,516.32421875
2023-07-27,45679.30078125,45758.70703125,-79.40625
2023-07-28,45468.1015625,45396.703125,71.3984375
2023-07-31,45651.1015625,45171.66015625,479.44140625
2023-08-01,45592.5,45351.45703125,241.04296875
2023-08-02,44995.69921875,45311.09375,-315.39453125
2023-08-03,44513.44921875,44725.7734375,-212.32421875
2023-08-04,44879.5,44234.609375,644.890625
2023-08-07,44837.5,44590.26171875,247.23828125
2023-08-08,44964.44921875,44584.5703125,379.87890625
2023-08-09,44880.69921875,44703.70703125,176.9921875
2023-08-10,44541.80078125,44626.55859375,-84.7578125
2023-08-11,44199.1015625,44289.83984375,-90.73828125
2023-08-14,44090.94921875,43944.33203125,146.6171875
2023-08-16,43946.3984375,43836.06640625,110.33203125
2023-08-17,43891.3515625,43705.3046875,186.046875
2023-08-18,43851.05078125,43654.48046875,196.5703125
2023-08-21,44002.0,43620.30078125,381.69921875
2023-08-22,43993.25,43769.75,223.5
2023-08-23,44479.05078125,43769.96484375,709.0859375
2023-08-24,44496.19921875,44238.83203125,257.3671875
2023-08-25,44231.44921875,44273.36328125,-41.9140625
2023-08-28,44494.6484375,44001.9921875,492.65625
2023-08-29,44495.25,44241.3984375,253.8515625
2023-08-30,44232.6015625,44257.92578125,-25.32421875
2023-08-31,43989.1484375,43997.15234375,-8.00390625
2023-09-01,44436.1015625,43747.76953125,688.33203125
2023-09-04,44578.30078125,44179.83984375,398.4609375
2023-09-05,44532.1484375,44345.64453125,186.50390625
2023-09-06,44409.1015625,44296.9453125,112.15625
2023-09-07,44878.3515625,44167.3046875,711.046875
2023-09-08,45156.3984375,44617.8125,538.5859375
2023-09-11,45570.69921875,44909.86328125,660.8359375
2023-09-12,45511.3515625,45311.73828125,199.61328125
2023-09-13,45909.44921875,45256.12109375,653.328125
2023-09-14,46000.8515625,45625.19140625,375.66015625
2023-09-15,46231.5,45724.3515625,507.1484375
2023-09-18,45979.8515625,45939.625,40.2265625
2023-09-20,45384.6015625,45694.64453125,-310.04296875
2023-09-21,44623.8515625,45095.796875,-471.9453125
2023-09-22,44612.05078125,44336.88671875,275.1640625
2023-09-25,44766.1015625,44315.41015625,450.69140625
2023-09-26,44624.19921875,44494.59375,129.60546875
2023-09-27,44588.30078125,44373.95703125,214.34375
2023-09-28,44300.94921875,44332.82421875,-31.875
2023-09-29,44584.55078125,44055.5625,528.98828125
2023-10-03,44399.05078125,44322.890625,76.16015625
2023-10-04,43964.05078125,44162.70703125,-198.65625
2023-10-05,44213.3515625,43727.84765625,485.50390625
2023-10-06,44360.6015625,43956.31640625,404.28515625
2023-10-09,43886.5,44123.58203125,-237.08203125
2023-10-10,44360.1484375,43666.69921875,693.44921875
2023-10-11,44516.8984375,44103.125,413.7734375
2023-10-12,44599.19921875,44286.05859375,313.140625
2023-10-13,44287.94921875,44363.33984375,-75.390625
2023-10-16,44225.8984375,44055.17578125,170.72265625
2023-10-17,44409.5,43977.18359375,432.31640625
2023-10-18,43888.69921875,44160.47265625,-271.7734375
2023-10-19,43754.5,43666.07421875,88.42578125
2023-10-20,43723.05078125,43511.22265625,211.828125
2023-10-23,43151.19921875,43488.8125,-337.61328125
2023-10-25,42832.0,42941.75390625,-109.75390625
2023-10-26,42280.1484375,42612.76953125,-332.62109375
2023-10-27,42782.0,42082.38671875,699.61328125
2023-10-30,43039.1484375,42562.140625,477.0078125
2023-10-31,42845.94921875,42854.79296875,-8.84375
2023-11-01,42700.94921875,42672.13671875,28.8125
2023-11-02,43017.19921875,42512.890625,504.30859375
2023-11-03,43318.25,42815.328125,502.921875
2023-11-06,43619.3984375,43125.953125,493.4453125
2023-11-07,43737.8984375,43423.7421875,314.15625
2023-11-08,43658.6484375,43539.3359375,119.3125
2023-11-09,43683.6015625,43453.890625,229.7109375
2023-11-10,43820.1015625,43466.51171875,353.58984375
2023-11-13,43891.25,43599.44921875,291.80078125
2023-11-15,44201.69921875,43673.27734375,528.421875
2023-11-16,44161.55078125,43973.7109375,187.83984375
2023-11-17,43583.94921875,43943.18359375,-359.234375
2023-11-20,43584.94921875,43369.91015625,215.0390625
2023-11-21,43689.1484375,43344.6953125,344.453125
2023-11-22,43449.6015625,43461.88671875,-12.28515625
2023-11-23,43577.5,43239.81640625,337.68359375
2023-11-24,43769.1015625,43353.3515625,415.75
2023-11-28,43880.94921875,43551.1796875,329.76953125
2023-11-29,44566.44921875,43666.58984375,899.859375
2023-11-30,44481.75,44331.80078125,149.94921875
2023-12-01,44814.19921875,44270.50390625,543.6953125
2023-12-04,46431.3984375,44568.765625,1862.6328125
2023-12-05,47012.25,46153.2578125,858.9921875
2023-12-06,46834.55078125,46767.71875,66.83203125
2023-12-07,46841.3984375,46561.9921875,279.40625
2023-12-08,47262.0,46525.3515625,736.6484375
2023-12-11,47314.25,46929.10546875,385.14453125
2023-12-12,47097.55078125,46992.140625,105.41015625
2023-12-13,47092.25,46768.60546875,323.64453125
2023-12-14,47732.30078125,46749.34375,982.95703125
2023-12-15,48143.55078125,47379.53515625,764.015625
2023-12-18,47867.69921875,47805.46875,62.23046875
2023-12-19,47870.8984375,47530.39453125,340.50390625
2023-12-20,47445.30078125,47505.09375,-59.79296875
2023-12-21,47840.1484375,47090.37890625,749.76953125
2023-12-22,47491.8515625,47463.19921875,28.65234375
2023-12-26,47724.8515625,47148.53125,576.3203125
2023-12-27,48282.19921875,47357.828125,924.37109375
2023-12-28,48508.55078125,47918.8125,589.73828125
2023-12-29,48292.25,48154.80859375,137.44140625
2024-01-01,48234.30078125,47931.80078125,302.5
2024-01-02,47761.6484375,47854.51953125,-92.87109375
2024-01-03,47704.94921875,47391.91796875,313.03125
2024-01-04,48195.8515625,47323.41796875,872.43359375
2024-01-05,48159.0,47817.1484375,341.8515625
2024-01-08,47450.25,47804.4296875,-354.1796875
2024-01-09,47242.6484375,47097.625,145.0234375
2024-01-10,47360.8515625,46867.296875,493.5546875
2024-01-11,47438.3515625,46995.97265625,442.37890625
2024-01-12,47709.80078125,47089.6171875,620.18359375
2024-01-15,48158.30078125,47358.98828125,799.3125
2024-01-16,48125.1015625,47805.05859375,320.04296875
2024-01-17,46064.44921875,47778.390625,-1713.94140625
2024-01-18,45713.55078125,45748.51953125,-34.96875
2024-01-19,45701.1484375,45328.18359375,372.96484375
2024-01-23,45015.05078125,45362.703125,-347.65234375
2024-01-24,45082.3984375,44727.234375,355.1640625
2024-01-25,44866.1484375,44778.60546875,87.54296875
2024-01-29,45442.3515625,44594.72265625,847.62890625
2024-01-30,45367.75,45155.34765625,212.40234375
2024-01-31,45996.80078125,45112.828125,883.97265625
2024-02-01,46188.6484375,45709.9296875,478.71875
2024-02-02,45970.94921875,45916.7578125,54.19140625
2024-02-05,45825.55078125,45691.83984375,133.7109375
2024-02-06,45690.80078125,45528.8984375,161.90234375
2024-02-07,45818.5,45394.00390625,424.49609375
2024-02-08,45012.0,45518.81640625,-506.81640625
2024-02-09,45634.55078125,44743.66796875,890.8828125
2024-02-12,44882.25,45318.5078125,-436.2578125
2024-02-13,45502.3984375,44631.86328125,870.53515625
2024-02-14,45908.30078125,45198.4765625,709.82421875
2024-02-15,46218.8984375,45635.33203125,583.56640625
2024-02-16,46384.8515625,45942.4609375,442.390625
2024-02-19,46535.5,46098.8515625,436.6484375
2024-02-20,47094.19921875,46236.5703125,857.62890625
2024-02-21,47019.69921875,46777.40625,242.29296875
2024-02-22,46919.80078125,46715.76171875,204.0390625
2024-02-23,46811.75,46596.0,215.75
2024-02-26,46576.5,46481.8671875,94.6328125
2024-02-27,46588.05078125,46249.8359375,338.21484375
2024-02-28,45963.1484375,46256.62109375,-293.47265625
2024-02-29,46120.8984375,45655.66015625,465.23828125
2024-03-01,47286.8984375,45789.796875,1497.1015625
2024-03-04,47456.1015625,46954.39453125,501.70703125
2024-03-05,47581.0,47162.91796875,418.08203125
2024-03-06,47965.3984375,47256.64453125,708.75390625
2024-03-07,47835.80078125,47619.03515625,216.765625
2024-03-11,47327.8515625,47495.22265625,-167.37109375
2024-03-12,47282.3984375,46979.23046875,303.16796875
2024-03-13,46981.30078125,46915.98046875,65.3203125
2024-03-14,46789.94921875,46635.02734375,154.921875
2024-03-15,46594.1015625,46444.65625,149.4453125
2024-03-18,46575.8984375,46257.94921875,317.94921875
2024-03-19,46384.80078125,46243.18359375,141.6171875
2024-03-20,46310.8984375,46065.3359375,245.5625
2024-03-21,46684.8984375,45990.34375,694.5546875
2024-03-22,46863.75,46359.9296875,503.8203125
2024-03-26,46600.19921875,46552.67578125,47.5234375
2024-03-27,46785.94921875,46292.109375,493.83984375
2024-03-28,47124.6015625,46455.25390625,669.34765625
2024-04-01,47578.25,46797.375,780.875
2024-04-02,47545.44921875,47249.1484375,296.30078125
2024-04-03,47624.25,47220.7421875,403.5078125
2024-04-04,48060.80078125,47278.875,781.92578125
2024-04-05,48493.05078125,47703.29296875,789.7578125
2024-04-08,48581.69921875,48136.9609375,444.73828125
2024-04-09,48730.55078125,48223.10546875,507.4453125
2024-04-10,48986.6015625,48353.3984375,633.203125
2024-04-12,48564.55078125,48599.91015625,-35.359375
2024-04-15,47773.25,48186.765625,-413.515625
2024-04-16,47484.80078125,47388.43359375,96.3671875
2024-04-18,47069.44921875,47089.16015625,-19.7109375
2024-04-19,47574.1484375,46700.6875,873.4609375
2024-04-22,47924.8984375,47198.671875,726.2265625
2024-04-23,47970.44921875,47577.8203125,392.62890625
2024-04-24,48189.0,47625.8046875,563.1953125
2024-04-25,48494.94921875,47827.3203125,667.62890625
2024-04-26,48201.05078125,48127.8125,73.23828125
2024-04-29,49424.05078125,47841.16796875,1582.8828125
2024-04-30,49396.75,49018.65234375,378.09765625
2024-05-02,49231.05078125,49034.00390625,197.046875
2024-05-03,48923.55078125,48835.53125,88.01953125
2024-05-06,48895.30078125,48516.71875,378.58203125
2024-05-07,48285.3515625,48480.71875,-195.3671875
2024-05-08,48021.1015625,47892.15234375,128.94921875
2024-05-09,47487.8984375,47618.234375,-130.3359375
2024-05-10,47421.1015625,47107.7578125,313.34375
2024-05-13,47754.1015625,47039.8515625,714.25
2024-05-14,47859.44921875,47384.6484375,474.80078125
2024-05-15,47687.44921875,47508.6640625,178.78515625
2024-05-16,47977.05078125,47337.18359375,639.8671875
2024-05-17,48115.6484375,47609.09375,506.5546875
2024-05-21,48048.19921875,47757.51171875,290.6875
2024-05-22,47781.94921875,47688.609375,93.33984375
2024-05-23,48768.6015625,47418.796875,1349.8046875
2024-05-24,48971.6484375,48376.21875,595.4296875
2024-05-27,49281.80078125,48614.6953125,667.10546875
2024-05-28,49142.1484375,48898.4453125,243.703125
2024-05-29,48501.3515625,48754.80078125,-253.44921875
2024-05-30,48682.3515625,48107.8515625,574.5
2024-05-31,48983.94921875,48263.8359375,720.11328125
2024-06-03,50979.94921875,48584.39453125,2395.5546875
2024-06-04,46928.6015625,50557.24609375,-3628.64453125
2024-06-05,49054.6015625,46641.26171875,2413.33984375
2024-06-06,49291.8984375,48526.52734375,765.37109375
2024-06-07,49803.19921875,48925.5703125,877.62890625
2024-06-10,49780.8984375,49408.8828125,372.015625
2024-06-11,49705.75,49383.078125,322.671875
2024-06-12,49895.1015625,49287.28125,607.8203125
2024-06-13,49846.69921875,49464.0234375,382.67578125
2024-06-14,50002.0,49422.15625,579.84375
2024-06-18,50440.8984375,49567.4921875,873.40625
2024-06-19,51398.05078125,50002.671875,1395.37890625
2024-06-20,51783.25,50952.2109375,831.0390625
2024-06-21,51661.44921875,51342.5234375,318.92578125
2024-06-24,51703.94921875,51198.12109375,505.828125
2024-06-25,52606.0,51212.8359375,1393.1640625
2024-06-26,52870.5,52098.97265625,771.52734375
2024-06-27,52811.30078125,52380.0078125,431.29296875
2024-06-28,52342.25,52299.26953125,42.98046875
2024-07-01,52574.75,51817.21875,757.53125
2024-07-02,52168.1015625,52030.57421875,137.52734375
2024-07-03,53089.25,51648.7421875,1440.5078125
2024-07-04,53103.69921875,52544.52734375,559.171875
2024-07-05,52660.3515625,52592.71875,67.6328125
2024-07-08,52425.80078125,52131.40234375,294.3984375
2024-07-09,52568.80078125,51880.17578125,688.625
2024-07-10,52189.30078125,52026.25390625,163.046875
2024-07-11,52270.6484375,51666.8125,603.8359375
2024-07-12,52278.8984375,51736.546875,542.3515625
2024-07-15,52455.8984375,51758.10546875,697.79296875
2024-07-16,52396.80078125,51934.34765625,462.453125
2024-07-18,52620.69921875,51880.67578125,740.0234375
2024-07-19,52265.6015625,52094.5859375,171.015625
2024-07-22,52280.3984375,51750.09765625,530.30078125
2024-07-23,51778.30078125,51748.82421875,29.4765625
2024-07-24,51317.0,51263.14453125,53.85546875
2024-07-25,50888.75,50798.58203125,90.16796875
2024-07-26,51295.94921875,50381.09375,914.85546875
2024-07-29,51406.25,50789.80078125,616.44921875
2024-07-30,51499.30078125,50929.421875,569.87890625
2024-07-31,51553.3984375,51018.3984375,535.0
2024-08-01,51564.0,51068.57421875,495.42578125
2024-08-02,51350.1484375,51075.82421875,274.32421875
2024-08-05,50092.1015625,50862.359375,-770.2578125
2024-08-06,49748.30078125,49618.921875,129.37890625
2024-08-07,50119.0,49251.2421875,867.7578125
2024-08-08,50156.69921875,49645.62890625,511.0703125
2024-08-09,50484.5,49718.53515625,765.96484375
2024-08-12,50577.94921875,50038.84375,539.10546875
2024-08-13,49831.8515625,50137.68359375,-305.83203125
2024-08-14,49727.30078125,49396.984375,330.31640625
2024-08-16,50516.8984375,49265.71875,1251.1796875
2024-08-19,50368.3515625,50058.9140625,309.4375
2024-08-20,50803.1484375,49946.34375,856.8046875
2024-08-21,50685.55078125,50348.9375,336.61328125
2024-08-22,50985.69921875,50242.6171875,743.08203125
2024-08-23,50933.44921875,50520.5859375,412.86328125
2024-08-26,51148.1015625,50476.05859375,672.04296875
2024-08-27,51278.75,50676.29296875,602.45703125
2024-08-28,51143.8515625,50808.90625,334.9453125
2024-08-29,51152.75,50672.671875,480.078125
2024-08-30,51351.0,50671.18359375,679.81640625
2024-09-02,51439.55078125,50868.44921875,571.1015625
2024-09-03,51689.1015625,50961.4609375,727.640625
2024-09-04,51400.25,51203.58203125,196.66796875
2024-09-05,51473.05078125,50921.0703125,551.98046875
2024-09-06,50576.8515625,50975.69140625,-398.83984375
2024-09-09,51117.80078125,50102.05078125,1015.75
2024-09-10,51272.30078125,50608.921875,663.37890625
2024-09-11,51010.0,50803.13671875,206.86328125
2024-09-12,51772.3984375,50542.54296875,1229.85546875
2024-09-13,51938.05078125,51278.36328125,659.6875
2024-09-16,52153.1484375,51467.4453125,685.703125
2024-09-17,52188.6484375,51662.37109375,526.27734375
2024-09-18,52750.3984375,51690.12109375,1060.27734375
2024-09-19,53037.6015625,52234.25,803.3515625
2024-09-20,53793.19921875,52526.7890625,1266.41015625
2024-09-23,54105.80078125,53261.07421875,844.7265625
2024-09-24,53968.6015625,53572.0546875,396.546875
2024-09-25,54101.6484375,53414.92578125,686.72265625
2024-09-26,54375.3515625,53523.9296875,851.421875
2024-09-27,53834.30078125,53795.44140625,38.859375
2024-09-30,52978.1015625,53262.0,-283.8984375
2024-10-01,52922.6015625,52394.4453125,528.15625
2024-10-03,51845.19921875,52332.59765625,-487.3984375
2024-10-04,51462.05078125,51300.83203125,161.21875
2024-10-07,50478.8984375,50908.10546875,-429.20703125
2024-10-08,51021.0,49968.30859375,1052.69140625
2024-10-09,51007.0,50498.6640625,508.3359375
2024-10-10,51530.8984375,50538.34765625,992.55078125
2024-10-11,51172.30078125,51050.578125,121.72265625
2024-10-14,51816.8984375,50710.68359375,1106.21484375
2024-10-15,51906.0,51319.43359375,586.56640625
2024-10-16,51801.05078125,51429.5078125,371.54296875
2024-10-17,51288.80078125,51310.75390625,-21.953125
2024-10-18,52094.19921875,50794.625,1299.57421875
2024-10-21,51962.69921875,51574.51171875,388.1875
2024-10-22,51257.1484375,51481.84765625,-224.69921875
2024-10-23,51239.0,50764.7578125,474.2421875
2024-10-24,51531.1484375,50724.9296875,806.21875
2024-10-25,50787.44921875,51033.0390625,-245.58984375
2024-10-28,51259.30078125,50317.34765625,941.953125
2024-10-29,52320.69921875,50754.48046875,1566.21875
2024-10-30,51807.5,51833.6953125,-26.1953125
2024-10-31,51475.3515625,51348.56640625,126.78515625
2024-11-01,51673.8984375,50972.671875,701.2265625
2024-11-04,51215.25,51162.81640625,52.43359375
2024-11-05,52207.25,50728.66796875,1478.58203125
2024-11-06,52317.3984375,51691.3984375,626.0
2024-11-07,51916.5,51838.87890625,77.62109375
2024-11-08,51561.19921875,51420.97265625,140.2265625
2024-11-11,51876.75,51048.08984375,828.66015625
2024-11-12,51157.80078125,51357.8046875,-200.00390625
2024-11-13,50088.3515625,50672.453125,-584.1015625
2024-11-14,50179.55078125,49597.1171875,582.43359375
2024-11-18,50363.80078125,49675.9609375,687.83984375
2024-11-19,50626.5,49899.63671875,726.86328125
2024-11-21,50372.8984375,50174.43359375,198.46484375
2024-11-22,51135.3984375,49930.52734375,1204.87109375
2024-11-25,52207.5,50664.49609375,1543.00390625
2024-11-26,52191.5,51746.4609375,445.0390625
2024-11-27,52301.80078125,51737.015625,564.78515625
2024-11-28,51906.8515625,51804.55078125,102.30078125
2024-11-29,52055.6015625,51404.80859375,650.79296875
2024-12-02,52109.0,51533.46875,575.53125
2024-12-03,52695.75,51599.35546875,1096.39453125
2024-12-04,53266.8984375,52178.08203125,1088.81640625
2024-12-05,53603.55078125,52754.171875,849.37890625
2024-12-06,53509.5,53081.5,428.0
2024-12-09,53407.75,52972.2890625,435.4609375
2024-12-10,53577.69921875,52851.08984375,726.609375
2024-12-11,53391.3515625,53013.27734375,378.07421875
2024-12-12,53216.44921875,52835.36328125,381.0859375
2024-12-13,53583.80078125,52653.71484375,930.0859375
2024-12-16,53581.3515625,53016.4921875,564.859375
2024-12-17,52834.80078125,53029.59375,-194.79296875
2024-12-18,52139.55078125,52283.8125,-144.26171875
2024-12-19,51575.69921875,51577.31640625,-1.6171875
2024-12-20,50759.19921875,51026.5390625,-267.33984375
2024-12-23,51317.6015625,50237.6328125,1079.96875
2024-12-24,51233.0,50791.6484375,441.3515625
2024-12-26,51170.69921875,50757.99609375,412.703125
2024-12-27,51311.30078125,50689.26171875,622.0390625
2024-12-30,50952.75,50826.28515625,126.46484375
2024-12-31,50860.19921875,50479.7265625,380.47265625
2025-01-01,51060.6015625,50375.2578125,685.34375
2025-01-02,51605.55078125,50579.46875,1026.08203125
2025-01-03,50988.80078125,51127.796875,-138.99609375
2025-01-06,49922.0,50531.6015625,-609.6015625
2025-01-07,50202.1484375,49448.54296875,753.60546875
2025-01-08,49835.05078125,49705.1640625,129.88671875
2025-01-09,49503.5,49390.11328125,113.38671875
2025-01-10,48734.1484375,49058.515625,-324.3671875
2025-01-13,48041.25,48306.51171875,-265.26171875
2025-01-14,48729.1484375,47618.58984375,1110.55859375
2025-01-15,48751.69921875,48298.45703125,453.2421875
2025-01-16,49278.69921875,48373.5859375,905.11328125
2025-01-17,48540.6015625,48881.45703125,-340.85546875
2025-01-20,49350.80078125,48169.63671875,1181.1640625
2025-01-21,48570.8984375,48923.6015625,-352.703125
2025-01-22,48724.3984375,48200.15625,524.2421875
2025-01-23,48589.0,48307.71484375,281.28515625
2025-01-24,48367.80078125,48196.2265625,171.57421875
2025-01-27,48064.6484375,47977.1875,87.4609375
2025-01-28,48866.8515625,47677.59375,1189.2578125
2025-01-29,49165.94921875,48462.17578125,703.7734375
2025-01-30,49311.94921875,48793.00390625,518.9453125
2025-01-31,49587.19921875,48925.640625,661.55859375
2025-02-03,49210.55078125,49183.625,26.92578125
2025-02-04,50157.94921875,48812.45703125,1345.4921875
2025-02-05,50343.05078125,49719.42578125,623.625
2025-02-06,50382.1015625,49936.41796875,445.68359375
2025-02-07,50158.8515625,49954.13671875,204.71484375
2025-02-10,49981.0,49720.6953125,260.3046875
2025-02-11,49403.3984375,49533.375,-129.9765625
2025-02-12,49479.44921875,48966.03125,513.41796875
2025-02-13,49359.8515625,49030.34375,329.5078125
2025-02-14,49099.44921875,48935.3046875,164.14453125
2025-02-17,49258.8984375,48681.1953125,577.703125
2025-02-18,49087.30078125,48834.62109375,252.6796875
2025-02-19,49570.1015625,48681.01171875,889.08984375
2025-02-20,49334.55078125,49148.1171875,186.43359375
2025-02-21,48981.19921875,48936.20703125,44.9921875
2025-02-24,48651.94921875,48569.67578125,82.2734375
2025-02-25,48608.3515625,48238.33984375,370.01171875
2025-02-27,48743.80078125,48197.015625,546.78515625
2025-02-28,48344.69921875,48342.53515625,2.1640625
2025-03-03,48114.30078125,47962.20703125,152.09375
2025-03-04,48245.19921875,47721.83984375,523.359375
2025-03-05,48489.94921875,47853.7421875,636.20703125
2025-03-06,48627.69921875,48108.921875,518.77734375
2025-03-07,48497.5,48251.71875,245.78125
2025-03-10,48216.80078125,48120.98828125,95.8125
2025-03-11,47853.94921875,47835.04296875,18.90625
2025-03-12,48056.6484375,47472.32421875,584.32421875
2025-03-13,48060.3984375,47667.87890625,392.51953125
2025-03-17,48354.1484375,47692.41796875,661.73046875
2025-03-18,49314.5,47979.26953125,1335.23046875
2025-03-19,49702.6015625,48929.765625,772.8359375
2025-03-20,50062.8515625,49331.35546875,731.49609375
2025-03-21,50593.55078125,49664.3984375,929.15234375
2025-03-24,51704.94921875,50173.078125,1531.87109375
2025-03-25,51607.94921875,51263.24609375,344.703125
2025-03-26,51209.0,51174.83203125,34.16796875
2025-03-27,51575.8515625,50737.625,838.2265625
2025-03-28,51564.8515625,51076.2734375,488.578125
2025-04-01,50827.5,51083.94140625,-256.44140625
2025-04-02,51348.05078125,50350.14453125,997.90625
2025-04-03,51597.3515625,50839.20703125,758.14453125
2025-04-04,51502.69921875,51120.640625,382.05859375
2025-04-07,49860.1015625,51025.94921875,-1165.84765625
2025-04-08,50511.0,49398.8046875,1112.1953125
2025-04-09,50240.1484375,49990.1328125,250.015625
2025-04-11,51002.3515625,49792.66015625,1209.69140625
2025-04-15,52379.5,50532.53515625,1846.96484375
2025-04-16,53117.75,51917.39453125,1200.35546875
2025-04-17,54290.19921875,52660.70703125,1629.4921875
2025-04-21,55304.5,53787.421875,1517.078125
2025-04-22,55647.19921875,54777.80859375,869.390625
2025-04-23,55370.05078125,55088.52734375,281.5234375
2025-04-24,55201.3984375,54772.4765625,428.921875
2025-04-25,54664.05078125,54573.30078125,90.75
2025-04-28,55432.80078125,54038.15234375,1394.6484375
2025-04-29,55391.25,54793.2578125,597.9921875
2025-04-30,55087.1484375,54786.17578125,300.97265625
2025-05-02,55115.3515625,54466.359375,648.9921875
2025-05-05,54919.5,54483.2578125,436.2421875
2025-05-06,54271.3984375,54298.21875,-26.8203125
2025-05-07,54610.8984375,53655.00390625,955.89453125
2025-05-08,54365.6484375,53983.30859375,382.33984375
2025-05-09,53595.25,53770.59375,-175.34375
2025-05-12,55382.8515625,53001.1015625,2381.75
2025-05-13,54940.8515625,54759.28515625,181.56640625
2025-05-14,54801.30078125,54385.390625,415.91015625
2025-05-15,55355.6015625,54191.08984375,1164.51171875
2025-05-16,55354.8984375,54734.84765625,620.05078125
2025-05-19,55420.69921875,54749.71875,670.98046875
2025-05-20,54877.3515625,54798.65234375,78.69921875
2025-05-21,55075.1015625,54256.7421875,818.359375
2025-05-22,54941.30078125,54437.5078125,503.79296875
2025-05-23,55398.25,54324.90234375,1073.34765625
2025-05-26,55572.0,54773.68359375,798.31640625
2025-05-27,55352.80078125,54958.78125,394.01953125
2025-05-28,55417.0,54732.1875,684.8125
2025-05-29,55546.05078125,54781.5625,764.48828125
2025-05-30,55749.69921875,54914.4375,835.26171875
2025-06-02,55903.3984375,55118.03125,785.3671875
2025-06-03,55599.94921875,55269.953125,329.99609375
2025-06-04,55676.8515625,54964.44921875,712.40234375
2025-06-05,55760.8515625,55027.3125,733.5390625
2025-06-06,56578.3984375,55119.1875,1459.2109375
2025-06-09,56839.6015625,55931.6796875,907.921875
2025-06-10,56629.1015625,56203.19140625,425.91015625
2025-06-11,56459.75,55972.359375,487.390625
2025-06-12,56082.55078125,55783.69921875,298.8515625
2025-06-13,55527.3515625,55407.89453125,119.45703125
2025-06-16,55944.8984375,54856.41015625,1088.48828125
2025-06-17,55714.1484375,55272.953125,441.1953125
2025-06-18,55828.75,55074.2578125,754.4921875
2025-06-19,55577.44921875,55177.3984375,400.05078125
2025-06-20,56252.8515625,54935.85546875,1316.99609375
2025-06-23,56059.3515625,55598.84375,460.5078125
2025-06-24,56461.8984375,55427.01953125,1034.87890625
2025-06-25,56621.1484375,55803.8203125,817.328125
2025-06-26,57206.69921875,55969.06640625,1237.6328125
2025-06-27,57443.8984375,56540.77734375,903.12109375
2025-06-30,57312.75,56777.25,535.5
2025-07-01,57459.44921875,56629.5390625,829.91015625
2025-07-02,56999.19921875,56758.6328125,240.56640625
2025-07-03,56791.94921875,56303.63671875,488.3125
2025-07-04,57031.8984375,56085.1953125,946.703125
2025-07-07,56949.19921875,56332.65234375,616.546875
2025-07-08,57256.30078125,56265.4921875,990.80859375
2025-07-09,57213.55078125,56564.8359375,648.71484375
2025-07-10,56956.0,56528.88671875,427.11328125
2025-07-11,56754.69921875,56263.27734375,491.421875
2025-07-14,56765.3515625,56057.3671875,707.984375
2025-07-15,57006.6484375,56072.02734375,934.62109375
2025-07-16,57168.94921875,56320.53125,848.41796875
2025-07-17,56828.80078125,56488.359375,340.44140625
2025-07-18,56283.0,56146.69140625,136.30859375
2025-07-21,56952.75,55592.05078125,1360.69921875
2025-07-22,56756.0,56255.18359375,500.81640625
2025-07-23,57210.44921875,56091.71875,1118.73046875
2025-07-24,57066.05078125,56524.7421875,541.30859375
2025-07-25,56528.8984375,56390.546875,138.3515625
2025-07-28,56084.8984375,55841.375,243.5234375
2025-07-29,56222.0,55391.47265625,830.52734375
2025-07-30,56150.69921875,55536.125,614.57421875
2025-07-31,55961.94921875,55487.4609375,474.48828125
2025-08-01,55617.6015625,55300.953125,316.6484375
2025-08-04,55619.3515625,54959.0078125,660.34375
2025-08-05,55360.25,54960.9765625,399.2734375
2025-08-06,55411.1484375,54717.48828125,693.66015625
2025-08-07,55521.1484375,54766.93359375,754.21484375
2025-08-08,55004.8984375,54886.36328125,118.53515625
2025-08-11,55510.75,54379.0859375,1131.6640625
2025-08-12,55043.69921875,54866.48828125,177.2109375
2025-08-13,55181.44921875,54429.484375,751.96484375
2025-08-14,55341.8515625,54545.5390625,796.3125
2025-08-18,55734.8984375,54718.08984375,1016.80859375
2025-08-19,55865.1484375,55110.2578125,754.890625
2025-08-20,55698.5,55241.7265625,456.7734375
2025-08-21,55755.44921875,55065.078125,690.37109375
2025-08-22,55149.3984375,55109.55859375,39.83984375
2025-08-25,55139.30078125,54512.984375,626.31640625
2025-08-26,54450.44921875,54489.6875,-39.23828125
2025-08-28,53820.3515625,53826.63671875,-6.28515625
2025-08-29,53655.6484375,53195.70703125,459.94140625
2025-09-01,54002.44921875,53042.28515625,960.1640625
2025-09-02,53661.0,53408.83203125,252.16796875
2025-09-03,54067.55078125,53093.6796875,973.87109375
2025-09-04,54075.44921875,53481.5390625,593.91015625
2025-09-05,54114.55078125,53507.05859375,607.4921875
2025-09-08,54186.8984375,53536.2890625,650.609375
2025-09-09,54216.1015625,53605.015625,611.0859375
2025-09-10,54536.0,53633.1875,902.8125
2025-09-11,54669.6015625,53947.140625,722.4609375
2025-09-12,54809.30078125,54084.3046875,724.99609375
2025-09-15,54887.8515625,54214.76953125,673.08203125
2025-09-16,55147.6015625,54287.703125,859.8984375
2025-09-17,55493.30078125,54539.6171875,953.68359375
2025-09-18,55727.44921875,54882.60546875,844.84375
2025-09-19,55458.8515625,55111.828125,347.0234375
2025-09-22,55284.75,54836.3046875,448.4453125
2025-09-23,55509.75,54646.609375,863.140625
2025-09-24,55121.5,54870.46484375,251.03515625
2025-09-25,54976.19921875,54497.54296875,478.65625
2025-09-26,54389.3515625,54340.9453125,48.40625
2025-09-29,54461.0,53768.00390625,692.99609375
2025-09-30,54635.8515625,53834.34375,801.5078125
2025-10-01,55347.94921875,54029.796875,1318.15234375
2025-10-03,55589.25,54743.37890625,845.87109375
2025-10-06,56104.8515625,54992.9609375,1111.890625
2025-10-07,56239.3515625,55485.28125,754.0703125
2025-10-08,56018.25,55613.15234375,405.09765625
2025-10-09,56192.05078125,55375.359375,816.69140625
2025-10-10,56609.75,55532.28515625,1077.46484375
2025-10-13,56625.0,55953.265625,671.734375
2025-10-14,56496.44921875,55971.58984375,524.859375
2025-10-15,56799.8984375,55829.6484375,970.25
2025-10-16,57422.55078125,56123.234375,1299.31640625
2025-10-17,57713.3515625,56749.4765625,963.875
2025-10-20,58033.19921875,57040.125,993.07421875
2025-10-21,58007.19921875,57340.23828125,666.9609375
2025-10-23,58078.05078125,57303.0234375,775.02734375
2025-10-24,57699.6015625,57357.73828125,341.86328125
2025-10-27,58114.25,56978.55859375,1135.69140625
2025-10-28,58214.1015625,57381.1796875,832.921875
2025-10-29,58385.25,57497.73828125,887.51171875
2025-10-30,58031.1015625,57659.8125,371.2890625
2025-10-31,57776.3515625,57303.921875,472.4296875
2025-11-03,58101.44921875,57037.8984375,1063.55078125
2025-11-04,57827.05078125,57365.95703125,461.09375
2025-11-06,57554.25,57109.16015625,445.08984375
2025-11-07,57876.80078125,56826.8203125,1049.98046875
2025-11-10,57937.55078125,57149.4765625,788.07421875
2025-11-11,58138.1484375,57225.85546875,912.29296875
2025-11-12,58274.6484375,57419.4453125,855.203125
2025-11-13,58381.94921875,57554.203125,827.74609375
2025-11-14,58517.55078125,57655.4453125,862.10546875
2025-11-17,58962.69921875,57785.19921875,1177.5
2025-11-18,58899.25,58224.796875,674.453125
2025-11-19,59216.05078125,58161.859375,1054.19140625
2025-11-20,59347.69921875,58460.359375,887.33984375
2025-11-21,58867.69921875,58592.7890625,274.91015625
2025-11-24,58835.3515625,58105.6171875,729.734375
2025-11-25,58820.30078125,58058.95703125,761.34375
2025-11-26,59528.05078125,58056.37890625,1471.671875
2025-11-27,59737.30078125,58766.2890625,971.01171875
2025-11-28,59752.69921875,58986.24609375,766.453125
2025-12-01,59681.3515625,58982.40625,698.9453125
2025-12-02,59273.80078125,58898.0546875,375.74609375
2025-12-03,59348.25,58486.5234375,861.7265625
2025-12-04,59288.69921875,58555.97265625,732.7265625
2025-12-05,59777.19921875,58510.78515625,1266.4140625
2025-12-08,59238.55078125,58998.55078125,240.0
2025-12-09,59222.3515625,58470.6484375,751.703125
2025-12-10,58960.3984375,58432.58984375,527.80859375
2025-12-11,59209.8515625,58184.12109375,1025.73046875
2025-12-12,59389.94921875,58433.40625,956.54296875
2025-12-15,59461.80078125,58625.84765625,835.953125
2025-12-16,59034.6015625,58694.98828125,339.61328125
2025-12-17,58926.75,58263.25,663.5
2025-12-18,58912.8515625,58145.51953125,767.33203125
2025-12-19,59069.19921875,58142.35546875,926.84375
2025-12-22,59304.0,58305.05859375,998.94140625
2025-12-23,59299.55078125,58543.75,755.80078125
2025-12-24,59183.6015625,58538.40234375,645.19921875
2025-12-26,59011.3515625,58414.14453125,597.20703125
2025-12-29,58932.3515625,58238.48828125,693.86328125
2025-12-30,59171.25,58160.3203125,1010.9296875
2025-12-31,59581.8515625,58403.453125,1178.3984375
2026-01-01,59711.55078125,58820.33984375,891.2109375
2026-01-02,60150.94921875,58948.796875,1202.15234375
2026-01-05,60044.19921875,59373.60546875,670.59375
2026-01-06,60118.3984375,59263.7578125,854.640625
2026-01-07,59990.8515625,59319.703125,671.1484375
2026-01-08,59686.5,59191.55859375,494.94140625
2026-01-09,59251.55078125,58883.6484375,367.90234375
2026-01-12,59450.5,58449.54296875,1000.95703125
2026-01-13,59578.80078125,58652.609375,926.19140625
2026-01-14,59580.1484375,58800.26953125,779.87890625
2026-01-16,60095.1484375,58802.2890625,1292.859375
2026-01-19,59891.3515625,59311.44140625,579.91015625
2026-01-20,59404.19921875,59113.3203125,290.87890625
2026-01-21,58800.30078125,58608.53515625,191.765625
2026-01-22,59200.1015625,58002.1484375,1197.953125
2026-01-23,58473.1015625,58407.7734375,65.328125
2026-01-27,59205.44921875,57713.89453125,1491.5546875
2026-01-28,59598.80078125,58427.375,1171.42578125
2026-01-29,59957.8515625,58851.0234375,1106.828125
2026-01-30,59610.44921875,59197.74609375,412.703125
2026-02-02,58619.0,58838.2421875,-219.2421875
2026-02-03,60041.30078125,57830.03125,2211.26953125
2026-02-04,60238.1484375,59239.48828125,998.66015625
2026-02-05,60063.6484375,59487.21875,576.4296875
2026-02-06,60120.55078125,59280.44921875,840.1015625
2026-02-09,60669.3515625,59317.9375,1351.4140625
2026-02-10,60626.3984375,59866.84375,759.5546875
2026-02-11,60745.3515625,59828.34375,917.0078125
2026-02-12,60739.75,59928.33203125,811.41796875
2026-02-13,60186.6484375,59919.859375,266.7890625
2026-02-16,60949.1015625,59362.95703125,1586.14453125
2026-02-17,61174.0,60116.12890625,1057.87109375
2026-02-18,61550.80078125,60366.2890625,1184.51171875
2026-02-19,60739.55078125,60725.9296875,13.62109375
2026-02-20,61172.0,59906.63671875,1265.36328125
2026-02-23,61264.25,60313.9140625,950.3359375
2026-02-24,61047.30078125,60431.6328125,615.66796875
2026-02-25,61043.3515625,60208.3515625,835.0
2026-02-26,61187.69921875,60196.7890625,990.91015625
2026-02-27,60529.0,60346.4140625,182.5859375
2026-03-02,59839.6484375,59692.20703125,147.44140625
2026-03-04,58755.25,58993.3515625,-238.1015625
2026-03-05,59055.8515625,57924.95703125,1130.89453125
2026-03-06,57783.25,58237.32421875,-454.07421875
2026-03-09,56019.80078125,57019.33203125,-999.53125
2026-03-10,56950.80078125,55254.3125,1696.48828125
2026-03-11,55735.75,56187.6796875,-451.9296875
2026-03-12,55100.94921875,55069.0625,31.88671875
2026-03-13,53757.8515625,54410.36328125,-652.51171875
2026-03-16,54413.3984375,53105.5078125,1307.890625
2026-03-17,54876.0,53755.83984375,1120.16015625
2026-03-18,55326.05078125,54280.27734375,1045.7734375
2026-03-19,53451.0,54732.76953125,-1281.76953125
2026-03-20,53427.05078125,52873.609375,553.44140625
2026-03-23,51437.75,52788.3203125,-1350.5703125
2026-03-24,52605.6484375,50880.16015625,1725.48828125
2026-03-25,53708.1015625,51998.26953125,1709.83203125
2026-03-27,52274.6015625,53183.47265625,-908.87109375
2026-03-30,50275.3515625,51783.3203125,-1507.96875
2026-04-01,51448.6484375,49742.57421875,1706.07421875
2026-04-02,51548.75,50872.046875,676.703125
2026-04-06,52609.1015625,51075.32421875,1533.77734375
2026-04-07,52716.25,52112.4296875,603.8203125
2026-04-08,55703.8984375,52237.0546875,3466.84375
2026-04-09,54821.69921875,55161.99609375,-340.296875
2026-04-10,55912.75,54335.609375,1577.140625
2026-04-13,55605.05078125,55299.98828125,305.0625
2026-04-15,56301.94921875,55011.33203125,1290.6171875
2026-04-16,56086.3984375,55661.1015625,425.296875
2026-04-17,56565.69921875,55457.99609375,1107.703125
2026-04-20,56582.3515625,55906.9140625,675.4375
2026-04-21,57371.44921875,55931.44921875,1440.0
2026-04-22,57124.44921875,56700.19140625,424.2578125
2026-04-23,56305.0,56462.78515625,-157.78515625
2026-04-24,56089.75,55619.0546875,470.6953125
2026-04-27,56264.30078125,55389.80859375,874.4921875
2026-04-28,55400.3515625,55584.53125,-184.1796875
2026-04-29,55403.6015625,54746.90625,656.6953125
2026-04-30,54863.3515625,54732.3125,131.0390625
2026-05-04,54878.5,54224.55859375,653.94140625
2026-05-05,54547.05078125,54237.26171875,309.7890625
2026-05-06,55981.05078125,53929.32421875,2051.7265625
2026-05-07,56047.3984375,55349.2265625,698.171875
2026-05-08,55310.55078125,55455.49609375,-144.9453125
2026-05-11,54439.8984375,54686.1328125,-246.234375
2026-05-12,53555.19921875,53794.44921875,-239.25
2026-05-13,53456.1484375,52920.0390625,536.109375
2026-05-14,54128.94921875,52835.1171875,1293.83203125
2026-05-15,53710.3515625,53536.1875,174.1640625
2026-05-18,53537.0,53153.76953125,383.23046875
2026-05-19,53409.1484375,52957.296875,451.8515625
2026-05-20,53562.19921875,52834.73828125,727.4609375
2026-05-21,53439.3984375,52991.16796875,448.23046875
2026-05-22,54055.3515625,52880.0625,1175.2890625
2026-05-25,55293.6484375,53483.2890625,1810.359375
2026-05-26,55092.8984375,54725.78515625,367.11328125
2026-05-27,54853.8515625,54534.6640625,319.1875
2026-05-29,54239.19921875,54249.0859375,-9.88671875
2026-06-01,53643.1015625,53627.7421875,15.359375
2026-06-02,53714.6484375,53030.296875,684.3515625
2026-06-03,54185.94921875,53107.94921875,1078.0
2026-06-04,54307.8515625,53600.8828125,706.96875
2026-06-05,54496.25,53738.22265625,758.02734375
2026-06-08,54063.75,53914.53515625,149.21484375
2026-06-09,55194.5,53483.09765625,1711.40234375
2026-06-10,55100.30078125,54584.1875,516.11328125
2026-06-11,55176.75,54525.19921875,651.55078125
2026-06-12,56814.80078125,54567.21484375,2247.5859375
2026-06-15,57198.80078125,56185.828125,1012.97265625
2026-06-16,57297.1484375,56592.44140625,704.70703125
2026-06-17,57585.05078125,56643.45703125,941.59375
2026-06-18,57963.80078125,56901.69921875,1062.1015625
2026-06-19,57685.75,57270.61328125,415.13671875
2026-06-22,57935.6015625,56987.0390625,948.5625
2026-06-23,57183.75,57214.58984375,-30.83984375
2026-06-24,58150.3515625,56475.34375,1675.0078125
2026-06-25,58177.05078125,57416.97265625,760.078125
2026-06-29,57727.3515625,57480.3125,247.0390625
2026-06-30,57542.8984375,57010.0859375,532.8125
2026-07-01,58033.05078125,56811.09375,1221.95703125
